<?xml version="1.0" encoding="UTF-8"?>

<!DOCTYPE struts PUBLIC
        "-//Apache Software Foundation//DTD Struts Configuration 2.3//EN"
        "http://struts.apache.org/dtds/struts-2.3.dtd">

<struts>
    <constant name="struts.enable.DynamicMethodInvocation" value="false" />
    <constant name="struts.action.extension" value="do" />
    <constant name="struts.multipart.maxSize" value="100701096"/>


    <package name="default" namespace="/" extends="struts-default,json-default">

        <interceptors>
            <interceptor name="myInterceptor" class="interceptors.LoginInterceptor"> </interceptor>
            <interceptor-stack name="myInterceptorStack">
                <interceptor-ref name="myInterceptor"/>
                <interceptor-ref name="defaultStack"/>
            </interceptor-stack>
        </interceptors>

        <default-interceptor-ref name="myInterceptorStack"/>

        <global-results>
            <result name="login">login.html</result>
        </global-results>

        <action name="login" class="action.Login">
            <!--学生用户-->
            <result name="1">stuindex.html</result>
            <!--教师用户-->
            <result name="2">teaindex.html</result>
            <!--管理员用户-->
            <result name="3">adminindex.html</result>
            <!--登录失败-->
            <!--交由 js 代码处理-->
        </action>
        <action name="register" class="action.Register">
            <!--注册成功-->
            <result name="1">login.html</result>
            <!--注册失败-->
            <!--交由 js 代码处理-->
        </action>
        <action name="SelectUser1" class="action.SelectUser">
            <!--查询成功-->
            <result name="1">adminanswer.jsp</result>
            <!--查询失败-->
            <!--交由 js 代码处理-->
        </action>
        <action name="addmessage1" class="action.AddStudent">
            <!--插入成功-->
            <!--交由 js 代码处理 -->
            <!--插入失败-->
            <!--交由 js 代码处理-->
        </action>
        <action name="addmessage2" class="action.AddTeacher">
            <!--插入成功-->
            <!--交由 js 代码处理 -->
            <!--插入失败-->
            <!--交由 js 代码处理-->
        </action>
        <action name="deleteUser1" class="action.DeleteUser">
            <!--删除成功-->
            <!--交由js实现-->
            <!--删除失败-->
            <!--交由 js 代码处理-->
        </action>
        <action name="Upload" class="action.UploadFile">
            <result name="1">teaaddclass.html</result>
            <!--上传失败-->
            <!--交由 js 代码处理-->
        </action>
        <action name="indexInfo" class="action.IndexInfo">

            <result name="success" type="json">
                <param name="root">lists</param>
            </result>
            <!--获取数据失败-->
            <!--交由 js 代码处理-->
        </action>
        <action name="classInfo" class="action.ClassInfo">
            <result name="success" type="json">
                <param name="root">lists</param>
            </result>
            <!--数据获取失败-->
            <!--交由 js 代码处理-->
        </action>
        <action name="deleteClass" class="action.DeleteClass">
            <!--删除成功-->
            <!--交由 js 代码实现-->
            <!--删除已选课程失败-->
            <!--交由 js 代码实现-->
        </action>
        <action name="CourseRecord" class="action.CourseRecord">
            <!--添加成功-->
            <!--交由 js 代码实现-->
            <!--添加失败-->
            <!--交由 js 代码实现-->
        </action>
        <action name="teamessage" class="action.ModifyMessage">
            <!--添加成功-->
            <!--交由 js 代码实现-->
            <!--添加失败-->
            <!--交由 js 代码实现-->
        </action>
        <action name="stumessage" class="action.StuModifyMessage">
            <!--添加成功-->
            <!--交由 js 代码实现-->
            <!--添加失败-->
            <!--交由 js 代码实现-->
        </action>
        <action name="teaDeleteClass" class="action.TeaDeleteClass">
            <!--添加成功-->
            <!--交由 js 代码实现-->
            <!--添加失败-->
            <!--交由 js 代码实现-->
        </action>
        <action name="teaclassInfo" class="action.TeaClassInfo">
            <result name="success" type="json">
                <param name="root">lists</param>
            </result>
            <!--数据获取失败-->
            <!--交由 js 代码处理-->
        </action>
        <action name="cookies" class="action.DeleteCookies">
            <result name="success">
                login.html
            </result>
        </action>
        <action name="adminReview" class="action.AdminQuery">
            <result name="success">
                adminquery.jsp
            </result>
        </action>
        <action name="approve" class="action.Approve">

            <result name="failed">adminindex.html</result>
        </action>
        <action name="refuse" class="action.Refuse">

            <result name="failed">adminindex.html</result>
        </action>
        <action name="requireAuthority" class="action.RequireAuthority">
            <result name="success">requireAuthority.jsp</result>
        </action>
        <action name="getAuthority" class="action.RequestAuthority">
            <!--内部处理-->
        </action>
    </package>

</struts>